Residue,Chain,ResNum,pKa,Side_SASA,Total_SASA,Accessible,Deprotonated,Accessibility_Score,Warhead,Reactivity_Score_Protonated,Reactivity_Score_Deprotonated,Reactivity_Score,Combined_Score,Binary_Accessible,Binary_Reactivity_Protonated,Binary_Reactivity_Deprotonated,Binary_Orbital_Protonated,Binary_Orbital_Deprotonated,Binary_HSAB,Binary_Score_Protonated,Binary_Score_Deprotonated,Binary_Score_With_HSAB_Protonated,Binary_Score_With_HSAB_Deprotonated,Binary_Reactivity,Binary_Orbital,Binary_Score,Binary_Score_With_HSAB
THR,A,42,-1,40.7,55.8,TRUE,n/a,1,Aliphatic imine (Schiff base former),0.5341227920000001,0.7242747920000001,0.7242747920000001,0.7242747920000001,1,0,1,1,1,1,0,1,0,1,1,1,1,1
THR,A,58,-1,39.3,27.8,TRUE,n/a,1,Aliphatic imine (Schiff base former),0.5341227920000001,0.7242747920000001,0.7242747920000001,0.7242747920000001,1,0,1,1,1,1,0,1,0,1,1,1,1,1
THR,A,72,-1,21.7,15.5,TRUE,n/a,1,Aliphatic imine (Schiff base former),0.5341227920000001,0.7242747920000001,0.7242747920000001,0.7242747920000001,1,0,1,1,1,1,0,1,0,1,1,1,1,1
THR,A,109,-1,52.6,37.6,TRUE,n/a,1,Aliphatic imine (Schiff base former),0.5341227920000001,0.7242747920000001,0.7242747920000001,0.7242747920000001,1,0,1,1,1,1,0,1,0,1,1,1,1,1
THR,A,114,-1,41.9,32.2,TRUE,n/a,1,Aliphatic imine (Schiff base former),0.5341227920000001,0.7242747920000001,0.7242747920000001,0.7242747920000001,1,0,1,1,1,1,0,1,0,1,1,1,1,1
THR,A,159,-1,58.5,42.3,TRUE,n/a,1,Aliphatic imine (Schiff base former),0.5341227920000001,0.7242747920000001,0.7242747920000001,0.7242747920000001,1,0,1,1,1,1,0,1,0,1,1,1,1,1
THR,B,42,-1,38.1,49.1,TRUE,n/a,1,Aliphatic imine (Schiff base former),0.5341227920000001,0.7242747920000001,0.7242747920000001,0.7242747920000001,1,0,1,1,1,1,0,1,0,1,1,1,1,1
THR,B,58,-1,39.6,28,TRUE,n/a,1,Aliphatic imine (Schiff base former),0.5341227920000001,0.7242747920000001,0.7242747920000001,0.7242747920000001,1,0,1,1,1,1,0,1,0,1,1,1,1,1
THR,B,72,-1,20.6,14.9,TRUE,n/a,1,Aliphatic imine (Schiff base former),0.5341227920000001,0.7242747920000001,0.7242747920000001,0.7242747920000001,1,0,1,1,1,1,0,1,0,1,1,1,1,1
THR,B,109,-1,52.8,38.2,TRUE,n/a,1,Aliphatic imine (Schiff base former),0.5341227920000001,0.7242747920000001,0.7242747920000001,0.7242747920000001,1,0,1,1,1,1,0,1,0,1,1,1,1,1
THR,B,114,-1,38,29.4,TRUE,n/a,1,Aliphatic imine (Schiff base former),0.5341227920000001,0.7242747920000001,0.7242747920000001,0.7242747920000001,1,0,1,1,1,1,0,1,0,1,1,1,1,1
THR,B,159,-1,45.9,33.8,TRUE,n/a,1,Aliphatic imine (Schiff base former),0.5341227920000001,0.7242747920000001,0.7242747920000001,0.7242747920000001,1,0,1,1,1,1,0,1,0,1,1,1,1,1
TYR,A,18,10.25,78.5,69.6,TRUE,TRUE,1,Aliphatic imine (Schiff base former),0.5971627920000002,0.7242747920000001,0.7242747920000001,0.7242747920000001,1,0,1,1,1,0,0,1,0,0,1,1,1,0
TYR,A,105,10.05,53.7,47.5,TRUE,TRUE,1,Aliphatic imine (Schiff base former),0.5971627920000002,0.7242747920000001,0.7242747920000001,0.7242747920000001,1,0,1,1,1,0,0,1,0,0,1,1,1,0
TYR,A,154,10.17,56.8,58,TRUE,TRUE,1,Aliphatic imine (Schiff base former),0.5971627920000002,0.7242747920000001,0.7242747920000001,0.7242747920000001,1,0,1,1,1,0,0,1,0,0,1,1,1,0
TYR,A,179,10.22,16.7,13.7,TRUE,TRUE,1,Aliphatic imine (Schiff base former),0.5971627920000002,0.7242747920000001,0.7242747920000001,0.7242747920000001,1,0,1,1,1,0,0,1,0,0,1,1,1,0
TYR,B,18,10.17,78.7,71.6,TRUE,TRUE,1,Aliphatic imine (Schiff base former),0.5971627920000002,0.7242747920000001,0.7242747920000001,0.7242747920000001,1,0,1,1,1,0,0,1,0,0,1,1,1,0
TYR,B,105,10.42,52.7,47.1,TRUE,TRUE,1,Aliphatic imine (Schiff base former),0.5971627920000002,0.7242747920000001,0.7242747920000001,0.7242747920000001,1,0,1,1,1,0,0,1,0,0,1,1,1,0
TYR,B,154,10.17,57.1,58.5,TRUE,TRUE,1,Aliphatic imine (Schiff base former),0.5971627920000002,0.7242747920000001,0.7242747920000001,0.7242747920000001,1,0,1,1,1,0,0,1,0,0,1,1,1,0
TYR,B,179,10.5,17.7,14.6,TRUE,TRUE,1,Aliphatic imine (Schiff base former),0.5971627920000002,0.7242747920000001,0.7242747920000001,0.7242747920000001,1,0,1,1,1,0,0,1,0,0,1,1,1,0
CYS,A,25,10.48,15.4,10.7,TRUE,FALSE,1,Aliphatic imine (Schiff base former),0.6242006360000001,0.724184636,0.724184636,0.724184636,1,1,1,1,1,0,1,1,0,0,1,1,1,0
CYS,A,66,99.99,16.4,16.4,TRUE,FALSE,1,Aliphatic imine (Schiff base former),0.6242006360000001,0.724184636,0.724184636,0.724184636,1,1,1,1,1,0,1,1,0,0,1,1,1,0
CYS,A,99,99.99,48,47.7,TRUE,FALSE,1,Aliphatic imine (Schiff base former),0.6242006360000001,0.724184636,0.724184636,0.724184636,1,1,1,1,1,0,1,1,0,0,1,1,1,0
CYS,B,25,11.18,17,11.6,TRUE,FALSE,1,Aliphatic imine (Schiff base former),0.6242006360000001,0.724184636,0.724184636,0.724184636,1,1,1,1,1,0,1,1,0,0,1,1,1,0
CYS,B,66,99.99,17.1,17.8,TRUE,FALSE,1,Aliphatic imine (Schiff base former),0.6242006360000001,0.724184636,0.724184636,0.724184636,1,1,1,1,1,0,1,1,0,0,1,1,1,0
CYS,B,99,99.99,46.9,42.3,TRUE,FALSE,1,Aliphatic imine (Schiff base former),0.6242006360000001,0.724184636,0.724184636,0.724184636,1,1,1,1,1,0,1,1,0,0,1,1,1,0
