Residue,Chain,ResNum,pKa,Side_SASA,Total_SASA,Accessible,Deprotonated,Accessibility_Score,Warhead,Reactivity_Score_Protonated,Reactivity_Score_Deprotonated,Reactivity_Score,Combined_Score,Binary_Accessible,Binary_Reactivity_Protonated,Binary_Reactivity_Deprotonated,Binary_Orbital_Protonated,Binary_Orbital_Deprotonated,Binary_HSAB,Binary_Score_Protonated,Binary_Score_Deprotonated,Binary_Score_With_HSAB_Protonated,Binary_Score_With_HSAB_Deprotonated,Binary_Reactivity,Binary_Orbital,Binary_Score,Binary_Score_With_HSAB,deprotonation_prob,estimated_pKa,pKa_shift,Deprotonation_State
CYS,A,25,10.48,15.4,10.7,True,False,1,Aliphatic imine (Schiff base former),0.6242006360000001,0.724184636,0.724184636,0.724184636,1,1,1,1,1,0,1,1,0,0,1,1,1,0,1.0,1.4,-6.9,1
CYS,B,25,11.18,17.0,11.6,True,False,1,Aliphatic imine (Schiff base former),0.6242006360000001,0.724184636,0.724184636,0.724184636,1,1,1,1,1,0,1,1,0,0,1,1,1,0,0.9767268896102905,5.7771,-2.5229,1
CYS,A,66,99.99,16.4,16.4,True,False,1,Aliphatic imine (Schiff base former),0.6242006360000001,0.724184636,0.724184636,0.724184636,1,1,1,1,1,0,1,1,0,0,1,1,1,0,0.734843909740448,6.9573,-1.3427,1
CYS,A,99,99.99,48.0,47.7,True,False,1,Aliphatic imine (Schiff base former),0.6242006360000001,0.724184636,0.724184636,0.724184636,1,1,1,1,1,0,1,1,0,0,1,1,1,0,0.6491611003875732,7.1328,-1.1672,1
CYS,B,66,99.99,17.1,17.8,True,False,1,Aliphatic imine (Schiff base former),0.6242006360000001,0.724184636,0.724184636,0.724184636,1,1,1,1,1,0,1,1,0,0,1,1,1,0,0.6469799876213074,7.1369,-1.1631,1
CYS,B,99,99.99,46.9,42.3,True,False,1,Aliphatic imine (Schiff base former),0.6242006360000001,0.724184636,0.724184636,0.724184636,1,1,1,1,1,0,1,1,0,0,1,1,1,0,0.6308286786079407,7.1673,-1.1327,1
THR,A,72,-1.0,21.7,15.5,True,,1,Aliphatic imine (Schiff base former),0.5341227920000001,0.7242747920000001,0.7242747920000001,0.7242747920000001,1,0,1,1,1,1,0,1,0,1,1,1,1,1,0.5147325396537781,7.3744,-6.2256,1
THR,B,72,-1.0,20.6,14.9,True,,1,Aliphatic imine (Schiff base former),0.5341227920000001,0.7242747920000001,0.7242747920000001,0.7242747920000001,1,0,1,1,1,1,0,1,0,1,1,1,1,1,0.45343345403671265,7.4811,-6.1189,0
TYR,A,179,10.22,16.7,13.7,True,True,1,Aliphatic imine (Schiff base former),0.5971627920000002,0.7242747920000001,0.7242747920000001,0.7242747920000001,1,0,1,1,1,0,0,1,0,0,1,1,1,0,0.2648487687110901,7.8434,-2.6566,0
THR,B,109,-1.0,52.8,38.2,True,,1,Aliphatic imine (Schiff base former),0.5341227920000001,0.7242747920000001,0.7242747920000001,0.7242747920000001,1,0,1,1,1,1,0,1,0,1,1,1,1,1,0.20626042783260345,7.9853,-5.6147,0
THR,B,159,-1.0,45.9,33.8,True,,1,Aliphatic imine (Schiff base former),0.5341227920000001,0.7242747920000001,0.7242747920000001,0.7242747920000001,1,0,1,1,1,1,0,1,0,1,1,1,1,1,0.20492339134216309,7.9888,-5.6112,0
THR,A,109,-1.0,52.6,37.6,True,,1,Aliphatic imine (Schiff base former),0.5341227920000001,0.7242747920000001,0.7242747920000001,0.7242747920000001,1,0,1,1,1,1,0,1,0,1,1,1,1,1,0.19801561534404755,8.0075,-5.5925,0
THR,B,114,-1.0,38.0,29.4,True,,1,Aliphatic imine (Schiff base former),0.5341227920000001,0.7242747920000001,0.7242747920000001,0.7242747920000001,1,0,1,1,1,1,0,1,0,1,1,1,1,1,0.1911531239748001,8.0265,-5.5735,0
THR,A,58,-1.0,39.3,27.8,True,,1,Aliphatic imine (Schiff base former),0.5341227920000001,0.7242747920000001,0.7242747920000001,0.7242747920000001,1,0,1,1,1,1,0,1,0,1,1,1,1,1,0.17888963222503662,8.0618,-5.5382,0
THR,A,159,-1.0,58.5,42.3,True,,1,Aliphatic imine (Schiff base former),0.5341227920000001,0.7242747920000001,0.7242747920000001,0.7242747920000001,1,0,1,1,1,1,0,1,0,1,1,1,1,1,0.17301644384860992,8.0794,-5.5206,0
THR,A,114,-1.0,41.9,32.2,True,,1,Aliphatic imine (Schiff base former),0.5341227920000001,0.7242747920000001,0.7242747920000001,0.7242747920000001,1,0,1,1,1,1,0,1,0,1,1,1,1,1,0.17018255591392517,8.0881,-5.5119,0
TYR,B,179,10.5,17.7,14.6,True,True,1,Aliphatic imine (Schiff base former),0.5971627920000002,0.7242747920000001,0.7242747920000001,0.7242747920000001,1,0,1,1,1,0,0,1,0,0,1,1,1,0,0.16731147468090057,8.097,-2.403,0
THR,B,42,-1.0,38.1,49.1,True,,1,Aliphatic imine (Schiff base former),0.5341227920000001,0.7242747920000001,0.7242747920000001,0.7242747920000001,1,0,1,1,1,1,0,1,0,1,1,1,1,1,0.14201363921165466,8.1812,-5.4188,0
THR,A,42,-1.0,40.7,55.8,True,,1,Aliphatic imine (Schiff base former),0.5341227920000001,0.7242747920000001,0.7242747920000001,0.7242747920000001,1,0,1,1,1,1,0,1,0,1,1,1,1,1,0.12249793857336044,8.2551,-5.3449,0
THR,B,58,-1.0,39.6,28.0,True,,1,Aliphatic imine (Schiff base former),0.5341227920000001,0.7242747920000001,0.7242747920000001,0.7242747920000001,1,0,1,1,1,1,0,1,0,1,1,1,1,1,0.07285396754741669,8.5047,-5.0953,0
TYR,B,154,10.17,57.1,58.5,True,True,1,Aliphatic imine (Schiff base former),0.5971627920000002,0.7242747920000001,0.7242747920000001,0.7242747920000001,1,0,1,1,1,0,0,1,0,0,1,1,1,0,0.02778875268995762,8.9439,-1.5561,0
TYR,A,154,10.17,56.8,58.0,True,True,1,Aliphatic imine (Schiff base former),0.5971627920000002,0.7242747920000001,0.7242747920000001,0.7242747920000001,1,0,1,1,1,0,0,1,0,0,1,1,1,0,0.02050471119582653,9.0791,-1.4209,0
TYR,A,18,10.25,78.5,69.6,True,True,1,Aliphatic imine (Schiff base former),0.5971627920000002,0.7242747920000001,0.7242747920000001,0.7242747920000001,1,0,1,1,1,0,0,1,0,0,1,1,1,0,0.0,13.4,2.9,0
TYR,A,105,10.05,53.7,47.5,True,True,1,Aliphatic imine (Schiff base former),0.5971627920000002,0.7242747920000001,0.7242747920000001,0.7242747920000001,1,0,1,1,1,0,0,1,0,0,1,1,1,0,0.0,13.4,2.9,0
TYR,B,18,10.17,78.7,71.6,True,True,1,Aliphatic imine (Schiff base former),0.5971627920000002,0.7242747920000001,0.7242747920000001,0.7242747920000001,1,0,1,1,1,0,0,1,0,0,1,1,1,0,0.0,13.4,2.9,0
TYR,B,105,10.42,52.7,47.1,True,True,1,Aliphatic imine (Schiff base former),0.5971627920000002,0.7242747920000001,0.7242747920000001,0.7242747920000001,1,0,1,1,1,0,0,1,0,0,1,1,1,0,0.0,13.4,2.9,0
